{
  "benchmark_rates": {
    "C1-A": 2.664327543,
    "C1-B": 2.664327543,
    "C1-C": 2.664327543,
    "C2-A": 2.863669486,
    "C2-B": 2.863669486,
    "C2-C": 2.863669486,
    "C3-A": 0.147674358,
    "C3-B": 0.147674358,
    "C3-C": 0.147674358,
    "C4-A": 0.924576485,
    "C4-B": 0.924576485,
    "C4-C": 0.924576485,
    "C6-A": 0.521197232,
    "C6-B": 0.521197232,
    "C6-C": 0.521197232,
    "C7-A": 2.79,
    "C7-B": 2.79,
    "C7-C": 2.79,
    "C11-A": 0.402315287,
    "C11-B": 0.402315287,
    "C11-C": 0.402315287,
    "C12-A": 0.55908869,
    "C12-B": 0.55908869,
    "C12-C": 0.55908869,
    "C13-A": 0.278780097,
    "C13-B": 0.278780097,
    "C13-C": 0.278780097,
    "C5-A": 210.417146,
    "C5-B": 210.417146,
    "C5-C": 210.417146,
    "C14-A": 0.391304969,
    "C14-B": 0.391304969,
    "C14-C": 0.391304969,
    "C8": 7.77,
    "C9": 2.123436228,
    "C10": 0.339580038,
    "C15": 0.133681013,
    "C16": 0.061884633,
    "C17": 0.054791142,
    "C18": 0.144203938,
    "C19": 0.0,
    "C20": 0.222089662,
    "C21": 0.0,
    "C22": 0.0,
    "D1": 3.72,
    "D2": 0.788311133,
    "D3": 0.0,
    "D4": 0.130156679,
    "D5": 0.537675859,
    "D6": 0.504780144,
    "E1": 2.205713791,
    "E2": 1.077419173,
    "E3": 1.699992746,
    "E5": 0.271528521,
    "E6": 0.426729938,
    "E7": 0.464256877,
    "E8": 0.275187479,
    "E4": 0.803961763,
    "E9": 0.0,
    "F1": 0.131769943,
    "F2": 0.0,
    "F3": 0.0,
    "F4": 0.0,
    "F5": 0.0,
    "F6": 0.0,
    "F7": 0.0,
    "F8": 0.0,
    "F9": 0.0,
    "F10": 0.0,
    "G1-A": 5.180191732,
    "G1-B": 5.180191732,
    "G1-C": 5.180191732,
    "G2": 0.309655408,
    "G3-A": 15.34340218,
    "G3-B": 15.34340218,
    "G3-C": 15.34340218,
    "G4-A": 0.51600061,
    "G4-B": 0.51600061,
    "G4-C": 0.51600061,
    "G6": 0.314193695,
    "G7": 0.680804674,
    "G15": 0.435958498,
    "G5-A": 2.628216558,
    "G5-B": 2.628216558,
    "G5-C": 2.628216558,
    "G9": 0.425679126,
    "G8": 0.0,
    "G10": 1.353096644,
    "G11": 0.087638111,
    "G12": 0.0,
    "G13": 0.0,
    "G14": 0.307052643,
    "G16": 3.074542783,
    "H4": 19.97720308,
    "H5": 16.37118307,
    "H7": 0.090667176,
    "H1": 1.643174129,
    "H2": 2.146162568,
    "H3": 0.231962318,
    "H6": 1.108746715,
    "H8": 0.014257079,
    "H9": 47.18790804,
    "H10": 0.185756004,
    "H11": 1.022454745,
    "H12": 0.0,
    "H13": 5.741978827,
    "H14": 0.0,
    "H15": 0.0,
    "H16": 0.0,
    "I1": 13.94133429,
    "I2": 13.29504408,
    "I3": 13.33580228,
    "I4": 13.39266414,
    "J1": 12.78293783,
    "J2": 13.07783388,
    "J3": 13.01357828,
    "J4": 14.63135379,
    "J5": 13.12597529,
    "J6": 13.01746574,
    "J7": 0.141740585,
    "J8": 0.0,
    "J9": 1.461560749,
    "J10": 0.578381891,
    "J11": 0.776632171,
    "J12": 0.0,
    "K2": 225.6743449,
    "K3": 179.1972027,
    "K1": 94.86831111,
    "K7": 23.5797541,
    "K4": 0.0,
    "K5": 0.0,
    "K6": 0.0,
    "L1": 0.0,
    "L2": 0.206463155,
    "L3": 9.054828318,
    "L4": 0.254508845,
    "L5": 0.107652283,
    "L6": 0.0,
    "L7": 0.0,
    "L8": 0.0,
    "L9": 0.0,
    "L10": 0.0,
    "L11": 0.0,
    "B1": 0.065,
    "M1": 0.014539402,
    "N1": 0.029853807,
    "M136": 0.014539402,
    "N138": 0.029853807,
    "M140": 0.100904413,
    "M141": 0.049824515,
    "M142": 0.054279865,
    "M144": 0.188112841,
    "M148": 0.103837037,
    "M146": 26.2091316
  },
  "framework_rates": {
    "C1-A": 4.817413254,
    "C1-B": 0.0,
    "C1-C": 0.0,
    "C2-A": 2.152359261,
    "C2-B": 0.0,
    "C2-C": 0.0,
    "C3-A": 0.261803639,
    "C3-B": 0.0,
    "C3-C": 0.0,
    "C4-A": 1.044170195,
    "C4-B": 0.0,
    "C4-C": 0.0,
    "C6-A": 0.504376661,
    "C6-B": 0.0,
    "C6-C": 0.0,
    "C7-A": 1.477341617,
    "C7-B": 0.0,
    "C7-C": 0.0,
    "C11-A": 0.559664949,
    "C11-B": 0.0,
    "C11-C": 0.0,
    "C12-A": 0.570684604,
    "C12-B": 0.0,
    "C12-C": 0.0,
    "C13-A": 0.293527195,
    "C13-B": 0.0,
    "C13-C": 0.0,
    "C5-A": 210.417146,
    "C5-B": 0.0,
    "C5-C": 0.0,
    "C14-A": 0.0,
    "C14-B": 0.0,
    "C14-C": 0.0,
    "C8": 0.0,
    "C9": 0.0,
    "C10": 0.0,
    "C15": 0.0,
    "C16": 0.0,
    "C17": 0.0,
    "C18": 0.0,
    "C19": 0.0,
    "C20": 0.0,
    "C21": 0.0,
    "C22": 0.0,
    "D1": 0.0,
    "D2": 0.0,
    "D3": 0.0,
    "D4": 0.0,
    "D5": 0.0,
    "D6": 0.0,
    "E1": 2.205713791,
    "E2": 1.077419173,
    "E3": 1.699992746,
    "E5": 0.271528521,
    "E6": 0.426729938,
    "E7": 0.464256877,
    "E8": 0.275187479,
    "E4": 0.803961763,
    "E9": 0.0,
    "F1": 0.0,
    "F2": 0.0,
    "F3": 0.0,
    "F4": 0.0,
    "F5": 0.0,
    "F6": 0.0,
    "F7": 0.0,
    "F8": 0.0,
    "F9": 0.0,
    "F10": 0.0,
    "G1-A": 12.06480712,
    "G1-B": 0.0,
    "G1-C": 0.0,
    "G2": 0.246850926,
    "G3-A": 15.34340218,
    "G3-B": 0.0,
    "G3-C": 0.0,
    "G4-A": 3.22158141,
    "G4-B": 0.0,
    "G4-C": 0.0,
    "G6": 0.287385285,
    "G7": 0.41761598,
    "G15": 0.339829435,
    "G5-A": 2.628216558,
    "G5-B": 0.0,
    "G5-C": 0.0,
    "G9": 0.0,
    "G8": 0.0,
    "G10": 0.0,
    "G11": 0.0,
    "G12": 0.0,
    "G13": 0.0,
    "G14": 0.0,
    "G16": 0.0,
    "H4": 19.97720308,
    "H5": 16.37118307,
    "H7": 0.0,
    "H1": 0.0,
    "H2": 0.0,
    "H3": 0.0,
    "H6": 0.0,
    "H8": 0.0,
    "H9": 0.0,
    "H10": 0.0,
    "H11": 0.0,
    "H12": 0.0,
    "H13": 0.0,
    "H14": 0.0,
    "H15": 0.0,
    "H16": 0.0,
    "I1": 13.94133429,
    "I2": 13.29504408,
    "I3": 13.33580228,
    "I4": 13.39266414,
    "J1": 12.78293783,
    "J2": 13.07783388,
    "J3": 13.01357828,
    "J4": 14.63135379,
    "J5": 13.12597529,
    "J6": 13.01746574,
    "J7": 0.0,
    "J8": 0.0,
    "J9": 0.0,
    "J10": 0.0,
    "J11": 0.0,
    "J12": 0.0,
    "K2": 225.6743449,
    "K3": 179.1972027,
    "K1": 94.86831111,
    "K7": 23.5797541,
    "K4": 0.0,
    "K5": 0.0,
    "K6": 0.0,
    "L1": 0.0,
    "L2": 0.0,
    "L3": 0.0,
    "L4": 0.0,
    "L5": 0.0,
    "L6": 0.0,
    "L7": 0.0,
    "L8": 0.0,
    "L9": 0.0,
    "L10": 0.0,
    "L11": 0.0,
    "B1": 0.065,
    "M1": 0.014539402,
    "N1": 0.029853807,
    "M136": 0.014539402,
    "N138": 0.029853807,
    "M140": 0.100904413,
    "M141": 0.042,
    "M142": 0.031,
    "M144": 0.188112841,
    "M148": 0.103837037,
    "M146": 26.2091316
  }
}
